Organic Chemicals	10	4078989	0.01185624089654731
Chemical Phenomena	12	4330529	0.013401081545568098
Enzymes	11	2745400	0.019377000613050064
Bacteria	10	1252449	0.03861350796806859
Blood Proteins	14	1507024	0.04492698082410743
Europe	13	1300070	0.04835884691758355
Lipids	13	1080916	0.058163517153481496
Amino Acids	10	764582	0.06325211004509322
Digestive System	15	1146586	0.06326797014261566
Case-Control Studies	12	911862	0.06364309733537715
Pharmaceutical Preparations*	10	717538	0.06739910730233131
Risk	15	1058545	0.06853007057030235
Carrier Proteins	15	1052946	0.06889447624800799
Cells, Cultured	27	1498961	0.08711095928211673
Amines	17	928306	0.0885639445709585
Mental Disorders	21	1116958	0.09092466680932404
Drug Therapy	24	1238073	0.09374849268384444
Cohort Studies	35	1735502	0.09753092226929384
Heart Diseases	21	1034087	0.09821129818223959
Health Surveys	11	500559	0.10627624432649085
Nutritional Physiological Phenomena	12	538131	0.10784303045633602
Molecular Structure	36	1607279	0.10832048989384989
Gene Expression Regulation	20	870279	0.11114006539184516
Neurons	12	506224	0.11464029960102526
Socioeconomic Factors	10	408011	0.11852957279346564
Cardiovascular Diseases	54	2184202	0.11956399450732397
Oxidoreductases	16	626209	0.12356618528508329
Diagnosis, Differential	11	425487	0.125027349443623
Gastrointestinal Diseases	23	882861	0.12598959126748832
Sensitivity and Specificity	14	522882	0.129486105450838
Brain	30	1119741	0.1295695474170144
Pregnancy Complications	11	394287	0.13492076061170583
Cell Line	25	882331	0.13702746827330162
Hemodynamics	19	638886	0.1438232853442851
Heart	14	468912	0.14438943530345824
Infant, Newborn	17	565169	0.14546867259909896
Models, Statistical	11	360139	0.14771376925658986
Amides	13	413331	0.15210517083359082
Models, Animal	16	508203	0.1522585042372197
Regression Analysis	12	379719	0.1528331024584668
Infant	35	1062465	0.15931352927164377
United Kingdom	12	343471	0.16896220264105666
Follow-Up Studies	23	589503	0.18868645933801514
Glycosides	12	306828	0.1891404843268694
Magnoliopsida	20	507443	0.19060817766928964
Health Behavior	11	278966	0.1906950888817253
Models, Molecular	10	253435	0.19082327709799515
Research Design	16	399738	0.19357225811685128
Attitude to Health	15	368887	0.19665110299579075
Biological Products	21	512397	0.19820359352432243
Adenocarcinoma	14	341244	0.19840901193116534
Biomarkers	28	646729	0.20937975129173075
Indicators and Reagents	10	230653	0.20967114402788378
Retrospective Studies	30	683351	0.21231292827682152
Nutrition Disorders	14	317269	0.21340209687789743
Liver Diseases	23	507536	0.21915923868722334
Cattle	15	329685	0.2200343116841821
Diabetes Mellitus	18	380730	0.2286409000010336
Animals	1019	21483557	0.2293863815651255
Behavior, Animal	12	247514	0.2344657320385795
Heterocyclic Compounds, 3-Ring	12	246421	0.2355057002440083
Fatty Acids	21	425743	0.23854505269522475
Severity of Illness Index	11	221081	0.2406240076535777
Cell Proliferation	18	355275	0.24502268236045643
Radionuclide Imaging	10	196874	0.24564565361070478
Inflammation	15	294354	0.24644470819898173
Terpenes	16	294140	0.2630656076078208
Apoptosis	13	237761	0.26442381234591633
Body Weight	23	418966	0.26548969853376825
Escherichia coli	15	261624	0.2772756123532203
Hospitalization	12	206047	0.2816517785444606
Child	103	1765449	0.2821509116443158
Coronary Disease	12	204287	0.28407828979445204
Child, Preschool	50	849568	0.28462366243711523
Purines	29	489939	0.2862561035195367
Pregnancy	50	832078	0.29060634900416615
Binding Sites	18	293654	0.2964386048195792
Gastrointestinal Tract	38	607228	0.3026430796413026
Erythrocytes	11	173352	0.3068746249564084
Colorectal Neoplasms	12	179924	0.3225443138281451
Disease Models, Animal	32	470821	0.3286948396097549
Acute Disease	14	202970	0.33357515741879634
Mice	98	1412967	0.3354234370029283
Receptors, Cytoplasmic and Nuclear	10	143458	0.3371101712308569
Fishes	12	169353	0.3426773838558818
Reactive Oxygen Species	12	168758	0.34388557449101387
Neoplasms	218	3036763	0.3471723319923589
Predictive Value of Tests	13	180546	0.3482192142267097
Mice, Inbred C57BL	18	249856	0.3484019999371381
Cell Line, Tumor	41	556340	0.35640389801199407
Oligopeptides	21	284406	0.3570908061850649
Professional-Patient Relations	10	133622	0.3619248786107744
Neoplasm Proteins	30	400844	0.3619465483262172
Transfection	11	145337	0.36602703257281827
Complementary Therapies*	16	207338	0.3731974249290872
Alkaloids	34	436912	0.3763427945281224
Pain	28	357134	0.3791624079210972
Myocardium	14	177628	0.38116570648064513
United States	101	1259764	0.3877318621739259
Communication	22	273417	0.38913046588058037
Obesity	15	184424	0.3933427251289752
Protein-Tyrosine Kinases	16	189816	0.4076472649308124
Phenotype	23	268936	0.4135965766168183
Cognition	12	138884	0.4178549567305973
Quality of Life	14	160961	0.4206339588005275
Prevalence	22	251001	0.42388217512265447
Smoking	12	135582	0.42803143215247497
Polymorphism, Genetic	22	245719	0.4329939513272689
Membrane Transport Proteins	40	444523	0.43517549607766964
Logistic Models	11	121666	0.43723965298781314
Kidney Diseases	43	473349	0.43932480962250403
Algorithms	25	273072	0.442752378069303
Body Mass Index	10	109187	0.44291944219701346
Drug Resistance	27	293670	0.4446336810493384
Genotype	34	368337	0.4464080800397069
Reverse Transcriptase Polymerase Chain Reaction	14	149211	0.4537576285851709
Mice, Inbred BALB C	15	159806	0.4539365114288565
Species Specificity	18	190843	0.4561352649194815
Blotting, Western	15	157657	0.4601240157931172
Arthritis, Rheumatoid	10	105007	0.46055051095733185
Plant Extracts*	14	145283	0.4660257377030541
Structure-Activity Relationship	17	173490	0.47388354262084353
Swine	20	203699	0.47483051600007375
Dosage Forms	28	281578	0.48090293151442765
Urea	11	108933	0.48834741090998457
Mycoses	12	118030	0.49168257208300375
Nanoparticles	10	96877	0.4991999014699674
Calcium	27	258654	0.5048269615798662
Central Nervous System Depressants	24	229013	0.5068143053745973
Surveys and Questionnaires	94	894126	0.508426641532255
Rabbits	35	332271	0.509417610244397
Aging	24	227698	0.509741243180945
Malnutrition	12	113592	0.5108922703470197
Cholesterol	16	150977	0.5125142794802687
Recombinant Proteins	33	310725	0.5136129920901527
Multivariate Analysis	12	112977	0.5136733316710246
Japan	13	120665	0.5210244349774564
Naphthalenes	15	137794	0.5264503942952303
Combined Modality Therapy	26	237035	0.5304673928938201
Benzoates	17	154758	0.5312423167171716
Androstenes	10	91027	0.5312814524608638
Protease Inhibitors	12	108805	0.5333693515571661
Feeding Behavior	17	152937	0.5375677051670139
Guidelines as Topic	16	142905	0.5414634856994949
Prospective Studies	53	470480	0.5447954044678102
Chronic Disease	28	247868	0.5463053732128706
Feces	10	88266	0.5478999858906216
Microbial Sensitivity Tests	13	114085	0.5510749300614428
Prostatic Neoplasms	13	113717	0.5528582499779258
Sodium	13	113518	0.5538274163002648
Beverages*	14	120944	0.5598088658187649
Chromatography, Liquid	46	393397	0.5654905338898382
Membrane Transport Modulators	10	85501	0.5656182083998912
Age Factors	55	468172	0.5681408032935289
Attitude of Health Personnel	17	144140	0.5703757410648793
Ethanolamines	24	203161	0.571305516440368
Potassium	12	100959	0.5748195886046852
Lung Neoplasms	25	208598	0.5795987523263235
Arrhythmias, Cardiac	23	191353	0.5812861112158475
Phenols	31	255206	0.5874471036032839
Oxidation-Reduction	28	228589	0.592380097785997
Minerals	18	146584	0.5938580243428285
Cognition Disorders	10	80485	0.6008683256045462
Asthma	15	119125	0.6089538142967216
In Vitro Techniques	72	567647	0.613413090494768
RNA, Messenger	50	394178	0.6134457702542183
Patient Satisfaction	10	78517	0.6159286794697713
Reaction Time	12	93762	0.6189412205830552
Myocardial Infarction	21	163427	0.6214303847240116
Databases, Factual	15	111712	0.6493624921174014
Antineoplastic Combined Chemotherapy Protocols	17	126573	0.6495372643104648
Chromatography, Gas	12	88844	0.6532026075246667
Solutions	15	110900	0.6541170240296413
Treatment Outcome	118	866016	0.6589542226588723
Comorbidity	13	92939	0.6764572247793174
Heart Failure	15	106934	0.6783768839193086
Acetates	20	141295	0.6845415023016576
Blood Coagulation Disorders	13	91141	0.6898020064403871
Gene Expression Regulation, Enzymologic	11	76476	0.6956030814502172
Kidney	49	332647	0.7123785246494095
Anesthetics	15	101612	0.7139070008946815
Lactones	20	134851	0.7172528112984236
Particle Size	11	73922	0.7196357948144456
Tuberculosis, Pulmonary	11	72802	0.7307066585177571
Models, Biological	113	743472	0.7350432564693874
Breast Neoplasms	40	262626	0.736580596124656
Cell Survival	26	170594	0.7370665549516663
Oxidative Stress	17	111028	0.7404779804630571
Alcoholism	11	71774	0.7411722307219543
Psychotropic Drugs	23	148751	0.7477642151070054
Electrocardiography	30	193875	0.7483363807991836
China	23	147604	0.7535748960102793
Colon	10	63988	0.7557781502228118
Polyethylene Glycols	10	63323	0.7637149904397623
Clinical Competence	13	82163	0.7651761656076841
Diterpenes	19	119590	0.7683423276312955
Drinking	12	75376	0.7699137092949973
Aged, 80 and over	127	794222	0.7733229814466659
Benzazepines	13	81264	0.7736409828461178
Aged	450	2799811	0.7772903903752602
Cyclohexanes	19	118210	0.7773119870718822
Lactation	11	68241	0.77954392983893
Meat	10	61566	0.7855099006709357
Protein Binding	42	252480	0.804489248020055
Stroke	19	113121	0.8122807880319854
Iron	15	89253	0.8127616922705005
Adolescent	314	1858106	0.8172568775181814
Preoperative Care	11	65008	0.8183118777410553
Pyrimidinones	25	145216	0.8325727713457707
Anti-Infective Agents	111	632917	0.8481549227643128
Risk Factors	129	720160	0.8662829504852899
Up-Regulation	22	121720	0.8740913541635094
Drug Evaluation, Preclinical	39	215406	0.8755973734046214
Osteoarthritis	10	54978	0.879635643693183
Insulin	32	175128	0.8836729597881792
Female	1449	7904180	0.8865661880861063
Hemorrhage	56	301726	0.8975807040994079
Reproducibility of Results	66	355592	0.8976155918716328
Cross-Sectional Studies	49	263894	0.8979756777035443
Computer Simulation	38	204628	0.8980821614116696
Fatal Outcome	11	58621	0.9074688147805987
HIV-1	14	73472	0.9215097148129315
Osmolar Concentration	13	66699	0.942577728200746
Serum Albumin	15	76868	0.9437124469150276
Patient Acceptance of Health Care	26	132390	0.9497614561562305
Mass Spectrometry	43	217424	0.9564419852124285
Ischemia	11	55424	0.9598130240878352
Drug Delivery Systems	24	120890	0.9601010110848451
Thrombosis	24	120675	0.9618115559933874
Technology, Pharmaceutical	27	133917	0.9750445626983696
Anti-Inflammatory Agents	29	143800	0.9752944371622018
Stilbenes	10	49481	0.9773551605555052
Self Care	10	49459	0.9777898919249395
Imidazoles	51	250700	0.9838157369874804
Time Factors	228	1119355	0.9850681352894443
Plant Preparations*	40	194158	0.9963275059020187
Patient Compliance	14	67928	0.9967183864984103
Critical Care	11	51762	1.0277154890572082
Psychomotor Performance	22	103394	1.0290175900201801
Colonic Neoplasms	15	69823	1.038929767442588
Indoles	65	297637	1.0561476436306816
Middle Aged	861	3924306	1.061059728890147
Humans	3762	17034839	1.068022464909758
Patient Selection	13	58864	1.0680359206827446
Uracil	15	67241	1.0788232366959827
Cardiovascular Agents	56	249959	1.0834706877332456
Depression	43	190367	1.0923810652778423
Carcinoma, Non-Small-Cell Lung	10	44140	1.095613784341259
Prednisolone	11	48404	1.09901119429952
European Continental Ancestry Group	14	61337	1.1038195454114987
Kidney Failure, Chronic	20	87548	1.1047867606622006
Fabaceae	15	65304	1.1108220210077522
Graft Rejection	13	56380	1.1150908013513374
Sex Factors	56	242782	1.1154995741291691
Cisplatin	11	47624	1.1170107477179687
Anxiety	17	73238	1.1225512321691007
Kinetics	111	469749	1.1427621445580485
Hydrazines	11	46477	1.144576721461084
Triglycerides	17	71750	1.145831133960959
Adult	1553	6523852	1.151242846042139
Drug Evaluation	10	41684	1.160165240604714
Water	38	158041	1.1628152934505291
Practice Guidelines as Topic	25	103524	1.1678697912245233
Antirheumatic Agents	24	98973	1.1727076942536225
Reference Standards	10	41047	1.17816916913388
Biological Transport, Active	10	40936	1.1813637553950584
Dogs	77	314805	1.1828982230976466
Vitamin D	13	53040	1.1853082421332508
Blood Platelets	18	72903	1.1940452992742994
Thrombocytopenia	11	44425	1.19744376851547
Rats	382	1542520	1.1976555545668466
Antiprotozoal Agents	10	40237	1.2018859797854642
Psychotic Disorders	12	47949	1.2102979283739106
Oocytes	11	43614	1.2197096608980456
Drug Hypersensitivity	11	43143	1.2330251450970764
Binding, Competitive	13	50957	1.2337598506807521
Biological Transport	73	284252	1.2419881682818996
Sulfides	11	42684	1.246284101208112
Pharmaceutical Preparations	187	717538	1.2603633065535957
Drug Carriers	20	76513	1.2641212864209819
Statistics, Nonparametric	18	68805	1.2651611559790354
Cyclosporins	10	38213	1.26554372885873
Phenylalanine	17	64398	1.276642955524663
Pilot Projects	28	105961	1.2779313957163987
Creatinine	14	52721	1.2842093106568515
Blood Glucose	40	150417	1.2860558724250424
Animal Feed	12	45007	1.289410452931235
Solvents	14	52086	1.2998652883915471
Proline	10	36942	1.3090839416021305
Oxazines	10	36937	1.3092611417674889
Analgesics	47	173329	1.3113655677416216
Venous Thrombosis	14	51201	1.3223327853687459
Gastrointestinal Agents	13	47436	1.3253353810525488
Substrate Specificity	25	91038	1.3280431478434382
Schizophrenia	27	97391	1.340726319897325
Pulmonary Embolism	10	36062	1.3410278694120707
Isoquinolines	16	57693	1.341185927260582
Internet	19	68418	1.3430016121801585
Male	2180	7799493	1.351729278322983
Atherosclerosis	10	35725	1.353677659256774
Glutathione	15	53434	1.3575789666306965
Adjuvants, Immunologic	10	35456	1.3639475436333448
Quality Control	13	45797	1.3727659389272404
Hydrogen-Ion Concentration	83	289869	1.3847598953090776
Bile Acids and Salts	10	34775	1.390657006401182
Antiparasitic Agents	18	62276	1.3977981999501183
Furans	10	34509	1.4013760664910897
Propanolamines	20	68959	1.4025953612125146
Saliva	11	37843	1.4057086158986436
Malabsorption Syndromes	11	37002	1.4376574023746254
Estrogens	18	60278	1.4441294397434183
Gastrointestinal Absorption	13	42999	1.462091499325343
Sulfones	46	150818	1.4750319591775212
Receptors, Steroid	25	81685	1.480103324150023
Drug Therapy, Combination	92	299415	1.4859783381729403
Gastrointestinal Motility	11	35451	1.5005538999229455
Intestines	115	366164	1.5188702159627117
Taiwan	10	31833	1.5191772336058147
Plants, Medicinal*	18	56753	1.533824549781399
Risk Assessment	73	228901	1.5423144524671466
Epilepsy	33	102784	1.5526867790067107
Estradiol	26	80286	1.566129870863023
Physician-Patient Relations	22	67682	1.5719645068944421
Stomach	39	119895	1.573111725269978
Kidney Transplantation	29	88734	1.580529840067186
Blood Pressure	96	291217	1.594236226209342
Neuroprotective Agents	10	30111	1.6060536681259137
Analysis of Variance	106	318955	1.6072178400119128
Zinc	19	55978	1.6414517462576013
Pyrrolidinones	11	32333	1.6452538151811797
Fluoresceins	10	29353	1.6475263355797338
Testosterone	23	67482	1.6482880507030997
Anticoagulants*	25	73218	1.651261559656903
Pyrroles	49	143465	1.6517592423820056
Cell Membrane Permeability	11	32068	1.6588492581642167
Phenanthrenes	29	84373	1.662221956507476
Edema	14	40484	1.67237454060641
Intestine, Small	54	155335	1.6812074180800365
Drug Design	17	48613	1.6911698213031796
Food	192	545728	1.7014682574106639
Hyperlipidemias	22	62457	1.7034691107646183
Anti-Retroviral Agents	22	61965	1.7169943795006377
Hydrocortisone	25	69723	1.734033046533744
Pyrimidines	126	349772	1.7421434744478692
Gastric Mucosa	17	46929	1.75185445755024
Pyridines	89	245117	1.7559593489095326
Seizures	21	57821	1.756409756056099
Randomized Controlled Trials as Topic	43	117796	1.765362433973805
Safety	26	70782	1.7764133894011207
Pharmacokinetics	105	285642	1.7777282292000114
Hyperglycemia	12	32500	1.7856000020162153
Metabolic Syndrome	10	26881	1.7990286457334836
Biphenyl Compounds	15	39795	1.8228523490278234
Gastric Juice	11	29084	1.8290402908739303
Dermatologic Agents	17	44803	1.8349819144012316
Heart Rate	61	159706	1.8471643518011471
Sex Characteristics	19	49679	1.8495738185135722
Clinical Trials as Topic	120	313116	1.853421745402805
Micronutrients	21	53756	1.8892260526940818
Injections, Intraperitoneal	12	30566	1.898576427700756
Seeds	21	53224	1.9081094394490516
Ileum	16	39803	1.943985048924028
Hepacivirus	12	29794	1.9477692789236116
Sucrose	12	29673	1.9557115881084117
Calibration	14	34542	1.9600522038169967
Vomiting	12	29183	1.988548028561164
Drug Resistance, Neoplasm	17	41071	2.001717220803291
Linear Models	30	72382	2.0043997093768224
Microsomes	25	60100	2.0116756815447125
Nurse's Role	16	38460	2.0118660691966412
Diabetes Mellitus, Type 2	48	113337	2.048166922498333
Monoterpenes	11	25917	2.052536339998004
Gas Chromatography-Mass Spectrometry	19	44480	2.0657545312325323
Diabetes Mellitus, Experimental	17	39751	2.068185995492875
Quinolines	47	109575	2.074350166611806
Tissue Distribution	36	82524	2.109680181721745
Acquired Immunodeficiency Syndrome	33	75120	2.12447798325641
Uric Acid	10	22551	2.1444434220737634
Spectrophotometry, Ultraviolet	25	55778	2.167549080057347
Psoriasis	16	35498	2.1797341020133527
Pharmaceutical Solutions	15	33274	2.180082106143088
Doxorubicin	23	51017	2.1802387887725367
Viscosity	12	26522	2.1880551093590097
Mice, Inbred ICR	13	28509	2.2051888625391007
Taxoids	15	32874	2.2066078199820915
Young Adult	303	655643	2.2349828383308736
Glutathione Transferase	12	25916	2.239216948934252
Diarrhea	23	49389	2.252104120785529
Placebos	16	33882	2.283693323713131
Enzyme Inhibitors	204	430554	2.2914014616343863
Duodenum	21	44079	2.303972888263969
Anti-Bacterial Agents	162	334000	2.3456699425589798
Bipolar Disorder	18	37016	2.3516405569952594
Depressive Disorder	48	98684	2.3522839607044235
Drug Utilization	11	22449	2.369605205348252
Glycine	17	34586	2.3770355825261738
Fatigue	13	26419	2.3796341586294383
Organophosphonates	22	44328	2.4001279911601103
Reference Values	77	153996	2.4181215089935373
Citrates	11	21952	2.4232513487937073
Stereoisomerism	41	81817	2.4234532868548584
Complementary Therapies	104	207338	2.4257832620390665
HEK293 Cells	19	37805	2.430482656291442
Hypolipidemic Agents	26	51282	2.451882084550036
Anaphylaxis	10	19712	2.4532789557453207
HIV Infections	133	261812	2.4567450475197177
Platelet Aggregation	16	31459	2.4595798120588688
Benzodiazepines	32	62610	2.4717184164882213
Hypothyroidism	16	31157	2.4834193750360103
Carbamates	30	57899	2.5057765831402854
Hypertension	124	238598	2.5133485550112664
Sesquiterpenes	18	34387	2.5314260351952287
Dietary Carbohydrates	42	79523	2.5541754668949186
Republic of Korea	11	20633	2.578154350105082
Plant Leaves	31	58082	2.581144447932842
Propranolol	17	31751	2.589270902394582
Foodborne Diseases	10	18440	2.622498132129901
Pyrrolidines	36	64923	2.6816178454283013
Confidence Intervals	18	32446	2.6828575368537466
Antiretroviral Therapy, Highly Active	11	19647	2.707534449311292
Limit of Detection	11	19422	2.7388990815048273
Legislation, Drug	17	29766	2.761935354346517
Analgesics, Non-Narcotic	50	87466	2.7645562357579148
Health Care Surveys	18	31403	2.771961485743648
Dipeptides	14	24138	2.8048420927317004
Rats, Wistar	134	230031	2.817190390605397
Diet	147	248238	2.863828304185605
Piperidines	77	130004	2.864377970235589
Isoenzymes	48	80191	2.8947419027099466
Folic Acid	21	35046	2.897797954594566
Drug Tolerance	13	21625	2.9071457722643927
Mixed Function Oxygenases	90	149650	2.90845629158153
Spectrometry, Mass, Electrospray Ionization	19	31352	2.930718824474668
Random Allocation	57	94004	2.9324023393570853
Administration, Cutaneous	12	19786	2.932924933821651
Hemostatics	10	16479	2.934556313993174
Health Knowledge, Attitudes, Practice	58	95426	2.9393843536601123
ATP-Binding Cassette Transporters	28	45489	2.976745802437921
Antiviral Agents	80	129732	2.982216586657674
Melatonin	11	17776	2.9924979951661284
gamma-Aminobutyric Acid	26	41848	3.004608686993226
Thromboembolism	32	51213	3.0217667390702547
Organophosphates	16	25349	3.052401612914083
Liver	268	420088	3.0852697401347835
Permeability	33	51402	3.1047392288427673
Migraine Disorders	16	24848	3.113943453956779
Depressive Disorder, Major	17	25802	3.1862391850882754
Food Analysis	12	18115	3.2034547176821047
Food Hypersensitivity	12	17985	3.226608788253587
Plants, Toxic	11	16469	3.2299718797855657
Medicine, Traditional	23	34005	3.270935203364032
Warfarin*	12	17682	3.2818970573731274
Plant Roots	36	52889	3.2917632254979585
Bile	17	24830	3.3109632996187335
Alcohol Drinking	43	62336	3.3359705894542935
Milk	51	73824	3.340922303806276
Ascorbic Acid	28	40178	3.3702224184997394
Fatty Acids, Omega-3	15	21521	3.3706083115840193
Dihydropyridines	22	31469	3.380847591996712
Parenteral Nutrition	16	22867	3.3836969077913244
Thyroxine	33	46873	3.4047213931007545
Pyrazines	15	21272	3.4100612081940143
Lithium	15	21271	3.4102215156972195
Dietary Proteins	63	89282	3.4124903368393458
Azepines	10	14066	3.437939010066646
Paclitaxel	17	23833	3.4494641979035316
Single-Blind Method	18	25034	3.4771591171677056
Nursing Assessment	23	31882	3.4887376509612418
Nutritive Value	10	13848	3.4920563256991484
Inpatients	13	17908	3.5105217751404183
Anti-Asthmatic Agents	20	27549	3.5108158297355723
Rats, Sprague-Dawley	208	286340	3.5130105417520934
Tetracycline	14	19247	3.517564592500546
Soybeans	14	19171	3.531508620720348
Energy Intake	31	42237	3.549424995721466
Atrial Fibrillation	34	46233	3.556453246218487
Drug Prescriptions	22	29833	3.5662423315725857
Contraceptives, Oral	20	27091	3.5701674335307474
Benzamides	36	48718	3.5735823189430618
Mercaptopurine	14	18910	3.580248705856407
Cyclohexanecarboxylic Acids	13	17495	3.5933890301205853
Infusions, Intravenous	39	52409	3.5987369473949493
Myocardial Reperfusion Injury	10	13348	3.6228547497645893
Blood Coagulation	42	55928	3.6317161012954196
European Union	11	14634	3.6349598127822524
Drug-Related Side Effects and Adverse Reactions	79	105031	3.637517667295675
Drug Stability	32	42515	3.639965231318657
Tretinoin	16	21176	3.653887750265477
Intestinal Mucosa	54	71379	3.6586163560504414
Asian Continental Ancestry Group	48	62330	3.7242326075647116
Jejunum	23	29752	3.738494354370896
Cephalosporins	31	40078	3.7406275847521964
Cyclooxygenase Inhibitors	16	20313	3.809115924356208
Trace Elements	12	15179	3.823042533961068
Glucosamine	11	13871	3.8348930839149555
Evidence-Based Medicine	54	68015	3.8395676825288243
Quinolones	34	42775	3.8439559422495218
Sirolimus	14	17561	3.855260407496328
Coumarins	38	47382	3.8784723341179017
Aspirin	34	42251	3.8916278373962307
Dietary Supplements*	50	61698	3.9191468301437227
Isothiocyanates	12	14789	3.9238529861750515
Nitriles	39	47910	3.936670147001091
Phenylpropionates	11	13506	3.938523495970109
Benzofurans	25	30622	3.9481344132357625
Methotrexate	29	35516	3.9487658123817266
Fish Oils	20	24448	3.956111747278621
Fructose	13	15786	3.982386423702398
Vasoconstrictor Agents	18	21848	3.984195088941989
Fibrinolytic Agents	23	27742	4.009350918271178
Alcoholic Intoxication	10	12006	4.02777446944345
Thiazoles	72	86263	4.036477719479437
Vasodilator Agents	35	41852	4.044278980984069
Plant Oils	27	32283	4.0446046880014945
Pyridazines	13	15056	4.175462208340955
Antineoplastic Agents	323	370250	4.218965145708783
Cyclodextrins	11	12546	4.23986904121051
Consumer Product Safety	13	14805	4.246247093812627
Fentanyl	13	14753	4.261212855563898
Injections, Intravenous	71	80384	4.271525349103855
Nutritional Status	34	38234	4.300485403051276
Ampicillin	23	25757	4.318325278577423
Colchicine	13	14553	4.319770129929212
Diuretics	30	33529	4.327004597787728
Tamoxifen	18	20073	4.3364889159257505
Absorption	76	84697	4.339503993187762
Morphine	33	36697	4.348817662548498
Least-Squares Analysis	11	12168	4.371570125734922
Sulfonamides	104	112664	4.464203397398642
Clonidine	12	12995	4.465511362382965
Parkinson Disease	54	58300	4.4793748905658655
Thiophenes	30	31707	4.575642240564606
Anthelmintics	19	19728	4.657449810114769
Dose-Response Relationship, Drug	385	398213	4.675670092217725
Headache	25	25806	4.684919600748587
Antitubercular Agents	47	48403	4.695872115045352
Fluoroquinolones	29	29772	4.710587289099579
Powders	12	12306	4.715510332780451
Hypercholesterolemia	24	24534	4.730693757124842
Citric Acid	10	10161	4.759052160461278
Antineoplastic Agents, Hormonal	15	15137	4.792061836564359
Hepatocytes	42	42331	4.798220018646686
Medical History Taking	20	20110	4.8094563228688285
Polyunsaturated Alkamides	13	12845	4.894125367506597
Ethanol	105	103002	4.929911017867235
Ribavirin	11	10660	4.9899293556015625
United States Food and Drug Administration	28	27112	4.994363093457052
Postoperative Hemorrhage	10	9541	5.068275838881524
Benzimidazoles	50	47311	5.11091140245683
Phytotherapy*	39	36605	5.152428656858692
Phytochemicals	10	9364	5.164067064026429
Niacinamide	14	13059	5.184233022699121
Double-Blind Method	156	145391	5.189000864228274
Hep G2 Cells	16	14799	5.228268978876487
Hyperalgesia	11	10119	5.256683484196469
Nausea	20	18354	5.269571022022066
Antidepressive Agents, Tricyclic	11	10076	5.279114504323535
Antioxidants	127	114997	5.340883304870653
Pyrazoles	52	46868	5.365587870105166
Antimetabolites, Antineoplastic	21	18802	5.401219215799381
Isoflavones	19	16718	5.495952347852998
Nutrition Assessment	15	13050	5.55836580200071
Patient Education as Topic	92	79557	5.592469520379963
Medication Adherence	17	14522	5.660988066710236
Contraindications	22	18713	5.685330432838331
Drug Combinations	97	82338	5.697256878632153
Antiemetics	10	8432	5.734790472501779
Naphthoquinones	25	20999	5.757320006500893
Fruit	107	89582	5.7764076017134975
Pharmacists	17	14197	5.790571185577741
Angiotensin-Converting Enzyme Inhibitors	37	30875	5.795359042688424
Vitamin B 12 Deficiency	13	10794	5.823986518850371
Vegetables	35	28781	5.880939760653403
Alcoholic Beverages	22	17906	5.941546530414728
Adrenergic beta-Antagonists	49	39805	5.953155088870442
Chemistry, Pharmaceutical	129	104196	5.987343166352552
Deoxycytidine	29	23105	6.06977907722504
Calcium, Dietary	17	13535	6.073768446574524
Antibiotics, Antitubercular	20	15707	6.157561504279031
Zidovudine	12	9350	6.206158236074111
Glucosides	45	35023	6.213644822000164
Emulsions	25	19140	6.316478769997324
Bronchodilator Agents	24	18345	6.326587339532215
Benzhydryl Compounds	20	15123	6.395330343111281
Citrus*	11	8311	6.400100680951427
Dipyridamole	10	7533	6.419098494107712
Thalidomide	11	8147	6.528919595001015
Erythromycin	32	23641	6.545840528497759
Triterpenes	34	24608	6.681663594037366
Drug Compounding	25	18075	6.688632448357976
Aluminum	23	16418	6.774555242438472
Drug Synergism	91	64176	6.8574339918807095
Captopril	14	9857	6.868135856811779
Amoxicillin	15	10436	6.9504869293773375
Chromatography, High Pressure Liquid	251	173009	7.016203399633826
Acetamides	33	22470	7.102172158791543
Antipsychotic Agents	73	49631	7.1131298919776516
Muscarinic Antagonists	12	8098	7.16554953272367
Bone Density Conservation Agents	18	12028	7.236734433310627
Benzophenones	10	6667	7.252772653660394
2-Pyridinylmethylsulfinylbenzimidazoles	16	10594	7.303292202677868
Mycophenolic Acid	11	7283	7.303354868213655
Gastric Acid	16	10542	7.339313372604764
Vitamins	54	35533	7.3493565456993455
Chemical and Drug Induced Liver Injury	41	26905	7.369438081613423
Cimetidine	14	9180	7.374587003207768
Immunosuppressive Agents	138	90255	7.394395221964009
Morpholines	36	23091	7.539466351835572
Isoniazid	28	17939	7.548058336282109
Histamine H2 Antagonists	11	7035	7.5607784053536475
Furosemide	18	11509	7.563047654065466
Quinazolines	67	42652	7.596698238479598
Serotonin Receptor Agonists	16	10109	7.653647961164393
Wine	15	9452	7.673990487878056
Multidrug Resistance-Associated Proteins	22	13666	7.7848301543964675
Methylcellulose	11	6801	7.820881631883015
Naltrexone	12	7367	7.8764638525419395
Piperazines	114	69766	7.902317196131776
Xanthine Oxidase	12	7290	7.959646916133454
Anticarcinogenic Agents	16	9701	7.975508234113792
Solubility	138	82882	8.052176383016826
Glucagon-Like Peptide 1	12	7146	8.120020381352877
Dioxoles	12	7110	8.161128626849813
Cardiotonic Agents	29	17176	8.164889990007673
Eating	114	67445	8.174257388466708
Vitis	12	7093	8.180685884624896
Enzyme Induction	55	32375	8.215597488891195
Oxadiazoles	15	8804	8.23875435342547
Drug Administration Schedule	165	96464	8.27206295445005
Valproic Acid	20	11668	8.288883032754736
Flavonoids	159	91285	8.423500427976464
Oxidoreductases, N-Demethylating	30	17180	8.444471460556576
Pharmacogenetics	19	10787	8.517503457893424
Antidepressive Agents	98	54089	8.762110980498312
Lincomycin	13	7135	8.810248664656637
Tandem Mass Spectrometry	68	37085	8.867446442628783
Estrone	18	9614	9.053632709130891
Dietary Fiber	32	17064	9.068664622018401
Antihypertensive Agents	115	61133	9.097345382732788
ATP Binding Cassette Transporter, Sub-Family B	36	18992	9.16660648642063
Benzylamines	12	6246	9.289864841608615
Anti-Inflammatory Agents, Non-Steroidal	148	76907	9.30657439028698
Adenine	44	22674	9.384368134080399
Capsaicin	19	9789	9.385784198544869
Naphthyridines	11	5612	9.477576493865715
Tetrazoles	54	27502	9.49540179234558
Quinine	13	6561	9.580910464948149
Maximum Tolerated Dose	10	5042	9.589825114933078
Enalapril	13	6534	9.620494945828579
Phenylurea Compounds	20	10043	9.629925936799584
Ethinyl Estradiol	21	10412	9.753109086207218
Saponins	29	14348	9.774082887891963
Anti-Arrhythmia Agents	53	26171	9.793515462686068
Lovastatin	21	10328	9.832425686385493
Spironolactone	13	6389	9.838800386696363
Inhibitory Concentration 50	46	22531	9.873195679531092
Receptors, Aryl Hydrocarbon	10	4872	9.924376781163042
Diazepam	36	17459	9.971440836001548
Food, Fortified	18	8722	9.979442680074918
Anthocyanins	12	5780	10.03871054584484
Antineoplastic Agents, Phytogenic	65	31095	10.109006700377824
Analgesics, Opioid	77	36573	10.181644283383765
Hydrochlorothiazide	14	6616	10.232141948987534
Dopamine Agonists	20	9435	10.250421376559455
Oils, Volatile	26	12142	10.35492620785469
Caffeic Acids	11	5093	10.443195300366758
Protein Kinase Inhibitors	81	37463	10.456119294317768
Ranitidine	11	5074	10.482292977353353
Amitriptyline	14	6390	10.593973286880068
Muscle Relaxants, Central	18	8107	10.7363935000362
Azithromycin	10	4500	10.744609654434015
Fluoxetine	19	8522	10.781042743606038
Anticholesteremic Agents	87	38413	10.952906390250568
Plant Preparations	440	194158	10.959602564922205
Hydroxylation	28	12228	11.07303676121523
Hypoglycemic Agents	138	59627	11.192535975608498
Fluorenes	19	8189	11.219392833181228
Gallic Acid	13	5592	11.240825043981719
Polyphenols	21	8984	11.303185855834808
Excipients	25	10672	11.327997764126184
Benzoxazines	11	4683	11.357309321107657
Hypnotics and Sedatives	64	27158	11.396351984590302
Xenobiotics	16	6760	11.444813028749003
Drug Liberation	10	4217	11.465502146658963
Phosphodiesterase Inhibitors	36	15123	11.511594617600307
Organic Anion Transporters	93	38869	11.570924592432462
Triazoles	80	33107	11.685752822183764
Drug Contamination	25	10204	11.847498298531972
Azetidines*	10	4059	11.911696565174262
Ivermectin	14	5668	11.943214548677107
Anti-HIV Agents	121	48910	11.964057276701578
Metoprolol	13	5204	12.078757823437034
Nootropic Agents	11	4368	12.176158585504295
Drug Antagonism	13	5130	12.252959358992351
Deamino Arginine Vasopressin	10	3927	12.311987793942848
Diet, High-Fat	24	9417	12.324014794123807
Dietary Sucrose	10	3913	12.356026585234416
Quinidine	16	6177	12.524826948425384
Histamine H1 Antagonists	42	15988	12.703624356079274
Biotransformation	98	37147	12.758226093871908
Rifampin	44	16604	12.814847783214276
Oxazolidinones	21	7872	12.899672921970756
Camptothecin	34	12655	12.992182315555116
Platelet Aggregation Inhibitors	88	32560	13.070271026090909
Antifungal Agents	142	51905	13.230322705957436
Phenanthrolines	13	4656	13.500093294178603
Levodopa	43	15357	13.540460908634737
Contraceptives, Oral, Combined	13	4605	13.649573267692087
Sildenafil Citrate	14	4952	13.66971194759752
Cytochrome P-450 CYP1A1	19	6515	14.101723036180827
Anticonvulsants	139	47565	14.13246192572519
Xanthones	10	3388	14.270135159223225
Atenolol	15	5033	14.41045532020486
Disulfiram	10	3339	14.479487441499254
Sulfotransferases	12	3964	14.636515930776547
Prothrombin Time	29	9518	14.733513536964153
Intubation, Gastrointestinal	28	9178	14.752387684159606
Lignans	27	8823	14.79782612731644
Serotonin Uptake Inhibitors	56	18183	14.893551094687751
Anti-Anxiety Agents	55	17850	14.900464080462791
Clarithromycin	18	5795	15.019095669132767
Indans	21	6729	15.090508902626414
Ibuprofen	25	7947	15.211841989999845
Praziquantel	12	3796	15.284115266138798
Dietary Fats	265	83835	15.286743564186017
Methylphenidate	21	6636	15.301962470193725
Rutin	10	3131	15.441088140040712
Angiotensin II Type 1 Receptor Blockers	26	8129	15.466158541448896
Central Nervous System Stimulants	73	22765	15.507285548565175
Curcumin	26	8018	15.68024304052619
Cyclosporine	124	38213	15.692742237848252
Rhabdomyolysis	20	6108	15.832865625996893
Food, Formulated	31	9412	15.926974712555324
Honey	11	3321	16.013737766426328
Pravastatin	11	3299	16.120496018202502
Aminophylline	14	4159	16.275500787608298
Tacrolimus	50	14652	16.5022480224553
Isosorbide Dinitrate	12	3484	16.65244925840144
Losartan	22	6384	16.66331616603548
Azetidines	14	4059	16.67637519124397
Hydralazine	16	4604	16.803122885422802
Antimalarials	82	23569	16.824955538726414
Bupropion	10	2823	17.125172823869512
Verapamil	61	17182	17.16842676675236
Sertraline	10	2787	17.34630131083483
Capsicum	10	2777	17.408743000218685
Pyridones	35	9719	17.414116069045914
Ephedrine	17	4708	17.459020958342062
Benzilates	13	3593	17.493025729268158
Anti-Ulcer Agents	47	12879	17.647437411231
Adamantane	35	9571	17.68336901286317
Medicine, Chinese Traditional	58	15821	17.72826638330954
Amiodarone	27	7298	17.88957634572411
Adverse Drug Reaction Reporting Systems	25	6752	17.903705040207132
Proton Pump Inhibitors	36	9654	18.0322482647941
Enterocytes	10	2672	18.092588123684067
Albendazole	15	3998	18.140093043738748
Malus	16	4263	18.146899832873363
Theophylline	108	27827	18.769012181607053
beta-Alanine	22	5628	18.90127442176879
Hydroxymethylglutaryl-CoA Reductase Inhibitors	106	26455	19.37676796865889
Delayed-Action Preparations	176	43258	19.675956211680624
Ofloxacin	27	6610	19.751326236188213
Phenylpropanolamine	13	3147	19.9713896032369
Anti-Allergic Agents	31	7497	19.99474699510313
Drug Labeling	26	6275	20.035033292221083
Drug Interactions	633	152595	20.061352813026915
Bridged Bicyclo Compounds	20	4763	20.302891710582497
Antidepressive Agents, Second-Generation	28	6657	20.33826472708036
Metformin	46	10875	20.45447269687335
Drug Monitoring	78	18430	20.466583843846703
Oseltamivir	11	2593	20.507955612979284
Atorvastatin Calcium	25	5885	20.540897067026638
Suspensions	31	7253	20.667302587439107
Beverages	521	120944	20.832887077969747
Heptanoic Acids	30	6814	21.288989605843366
Artemisinins	26	5840	21.52711332682409
Antiparkinson Agents	52	11486	21.892551395835206
Oleanolic Acid	14	3065	22.082871257811647
Cheese	27	5789	22.55198924826257
Dabigatran	11	2352	22.608430454767642
Quercetin	38	8008	22.94589269665483
Drugs, Investigational	25	5262	22.972395997818502
Rhizome	15	3142	23.080570181963495
Rivaroxaban	10	2092	23.106301029435027
Ticlopidine	46	9613	23.139467968711728
Inactivation, Metabolic	31	6474	23.15376262073873
Glucuronides	13	2660	23.626431593757893
Dietary Supplements	302	61698	23.671646854068083
Coffee	29	5884	23.831489440673202
Cytochrome P-450 Enzyme System	388	78621	23.86642080484815
Carbamazepine	52	10487	23.977854489317224
Gastrointestinal Transit	23	4617	24.08649253477637
Gastric Emptying	48	9575	24.241347395793237
Carbonated Beverages	13	2584	24.321057822433175
Aryl Hydrocarbon Hydroxylases	119	23555	24.43121531031709
Ciprofloxacin	62	12177	24.621549182014007
Antitussive Agents	14	2741	24.692225848450224
Prescription Drugs	25	4803	25.16730227654429
Diltiazem	32	6067	25.50375111647067
Administration, Oral	713	134559	25.625550671027906
Nevirapine	14	2634	25.694908264307596
ATP Binding Cassette Transporter, Sub-Family G, Member 2	14	2629	25.74375789979107
Anticoagulants	392	73218	25.89178125542024
Plants, Medicinal	305	56753	25.989804871295924
Enteral Nutrition	99	18051	26.522198744771458
Caco-2 Cells	70	12759	26.53059689516086
Methoxsalen	13	2367	26.54980340835716
Food, Organic	12	2171	26.719054173816303
Microsomes, Liver	217	39002	26.906758218213547
Bornanes	15	2689	26.967372521156605
Metabolic Clearance Rate	128	22770	27.184886351015596
Medicine, African Traditional	12	2130	27.233123259281562
Clozapine	43	7606	27.337241834469868
Prodrugs	58	10230	27.41634549083409
Reverse Transcriptase Inhibitors	66	11569	27.58736570098613
Medicine, Ayurvedic	12	2077	27.927712062333498
Fluorobenzenes	19	3284	27.97163692656142
Phytoestrogens	19	3269	28.099947187692436
Plant Extracts	846	145283	28.161269578341695
Phenytoin	77	13221	28.16392815160171
Factor Xa Inhibitors	21	3553	28.576005884827172
Rosuvastatin Calcium	13	2133	29.4610751972773
Flurbiprofen	11	1794	29.636566495859757
Calcium Channel Blockers	219	35654	29.70457406803827
Ketoconazole	34	5403	30.427287080989178
Amlodipine	22	3494	30.44213840347254
Catechin	53	8409	30.47751328054932
Aluminum Hydroxide	23	3532	31.483561428133957
Griseofulvin	20	3044	31.764524173798034
Phenacetin	15	2277	31.844702406457973
Diclofenac	48	7099	32.69509051579099
Berberine	17	2510	32.74174818511859
Acetaminophen	112	16529	32.76761441086534
Digoxin	82	12082	32.82001175600278
Cytochrome P-450 CYP2E1	23	3311	33.58436670458855
Polypharmacy	27	3885	33.601651504745305
Diterpenes, Abietane	14	2010	33.66786836223298
Tea	61	8707	33.877477851757675
Healthy Volunteers	75	10652	34.04779502577267
Simvastatin	50	7089	34.10542175924366
Tolbutamide	38	5219	35.20568095929282
Nifedipine	112	15337	35.31416522438415
Omeprazole	67	9143	35.43547353082571
Phenelzine	10	1340	36.06374948143737
Nonprescription Drugs	43	5718	36.362021093689854
Cisapride	11	1452	36.612275884424136
Naproxen	29	3824	36.6662262374802
Buspirone	14	1841	36.756831311862385
Half-Life	307	40145	36.98245611708391
Caffeine	171	22022	37.550808052208524
Ketoprofen	20	2571	37.60613379051906
Fenofibrate	19	2439	37.658535780227155
Lopinavir	12	1536	37.757830621684455
Capsules	92	11638	38.22714065661905
Vitamin K 1	12	1497	38.74084490355742
Phloroglucinol	20	2478	39.01693267818274
Ginsenosides	26	3210	39.1590996393583
Alprazolam	14	1713	39.501798877742424
Vitamin K	128	15525	39.870349549077424
Tablets	191	22645	40.78885550839015
Antacids	52	6157	40.837891829158664
Curcuma	13	1531	41.03781623432752
1-Deoxynojirimycin	11	1273	41.75638686033616
HIV Integrase Inhibitors	14	1607	42.10577318187221
Selegiline	20	2289	42.23710747127293
Glucuronosyltransferase	62	7034	42.62135407797677
Silymarin	23	2588	42.96308324665789
Dipeptidyl-Peptidase IV Inhibitors	27	3031	43.06596891406341
Intestinal Absorption	382	42600	43.36538681453503
Tablets, Enteric-Coated	21	2281	44.50443686006825
Dihydroergotamine	13	1385	45.36070308152219
Glycyrrhizic Acid	14	1477	45.80925796782849
Kaempferols	14	1473	45.93357074386059
Drugs, Chinese Herbal	353	37053	46.07223318204904
Postprandial Period	83	8626	46.528381923408176
Perylene	20	2057	46.99853066531342
Didanosine	19	1944	47.24258473200734
Tranylcypromine	17	1733	47.41322358294854
Self Medication	44	4441	47.90422049533387
Tyramine	68	6794	48.3970741385329
Histamine H1 Antagonists, Non-Sedating	10	952	50.746577182169474
Cytochrome P-450 CYP2D6	41	3901	50.81550513169933
Rabeprazole	10	918	52.62403487987759
Ergotamine	25	2290	52.77333921279737
Steroid 16-alpha-Hydroxylase	11	986	53.898314954476454
Fasting	369	32741	54.50305140843617
Organic Anion Transporters, Sodium-Independent	18	1580	55.06051770923056
Biopharmaceutics	29	2533	55.346612217190916
HIV Protease Inhibitors	113	9745	56.072728813571196
Bromobenzenes	10	851	56.762309923248246
Acenocoumarol	15	1262	57.436446620674
Cytochrome P-450 CYP2C19	30	2508	57.825613457083506
Itraconazole	65	5252	59.84193267750786
Flavanones	61	4873	60.52627762271354
Glycyrrhiza	31	2460	60.918574957043184
Furocoumarins	74	5719	62.565561469247484
Nelfinavir	14	1070	63.21763144393138
Midazolam	108	8224	63.50201471000134
Cinnarizine	10	746	64.74094786426707
Oxycodone	27	1907	68.43606800180306
Phytotherapy	529	36605	69.88807075585251
Monoamine Oxidase Inhibitors	142	9806	70.0247915137582
Ritonavir	56	3817	70.93356026867524
ATP-Binding Cassette, Sub-Family B, Member 1	221	14883	71.80790688032961
Darunavir	11	736	72.18132545463808
Salvia miltiorrhiza	24	1582	73.32127058184335
Therapeutic Equivalency	108	6886	75.8391274850822
Panax	78	4904	76.90511861894772
Ceftizoxime	18	1116	77.93256803786349
Hydromorphone	19	1165	78.80516921419748
Garlic	52	3174	79.20621665636506
Nadolol	13	788	79.68306016601997
Ginger	21	1251	81.11751191268033
Citrus sinensis	26	1527	82.29049014527455
International Normalized Ratio	83	4857	82.62666752845664
Cross-Over Studies	740	42677	83.85468194481831
Moclobemide	12	669	86.61759054556569
Schisandra	12	640	90.5363270913089
Triazolam	23	1222	90.94965047064372
Fruit and Vegetable Juices	15	789	91.82561023026742
Warfarin	341	17682	93.26057471368638
Medicine, Kampo	11	568	93.49321065038359
Area Under Curve	684	35182	94.02057195052022
Dextromethorphan	34	1733	94.82644716589708
Cytochrome P-450 CYP2C9	48	2241	103.5393143006762
Cytochrome P-450 CYP1A2	62	2848	105.2443755488124
Biological Availability	797	36049	106.91846318868845
Cytochrome P-450 Enzyme Inhibitors	166	7462	107.57077605607458
Indinavir	41	1699	116.63653001405342
Punicaceae	26	1066	117.8443007891092
Saquinavir	31	1270	117.95484891367686
Metabolic Detoxication, Phase I	10	363	132.8612309192514
Nisoldipine	21	747	135.77423116935262
Serotonin Syndrome	23	784	141.69607965044239
Citrus	250	8311	145.45683365798698
Valerian	21	669	151.58078345473993
Cytochrome P-450 CYP2D6 Inhibitors	19	569	161.20496018202502
Ergotism	18	514	169.03044368600683
Cimicifuga	18	513	169.359296689287
Ginkgo biloba	92	2611	170.33908503154254
Herbal Medicine	70	1822	185.69962500397835
Echinacea	30	724	200.1165022949276
Cytochrome P-450 CYP3A	344	7756	214.46889120516929
Milk Thistle	21	442	229.2531036448663
Chlorzoxazone	21	419	241.8074402730375
Vaccinium macrocarpon	36	710	244.86829394737978
Cytochrome P-450 CYP1A2 Inhibitors	19	371	247.00760027890934
Celiprolol	20	386	249.930170824845
Terfenadine	91	1541	285.4017777541688
Felodipine	71	1178	291.23542424742436
Kava	38	466	393.5196030139369
Cytochrome P-450 CYP3A Inhibitors	97	1131	414.4049771463717
Hypericum	177	2025	422.5065836952383
Hydrastis	12	82	699.2022369340846
Citrus paradisi	230	652	1703.3908503154253
Herb-Drug Interactions	1410	1399	4870.692725499756
Food-Drug Interactions	2361	2245	5083.769959792
